{
    "note": "Hello! If you change this file manually, please be sure to restart your changedetection.io instance!",
    "watching": {
        "947ab113-5507-450c-9d91-800d58469fec": {
            "body": null,
            "check_unique_lines": false,
            "check_count": 2,
            "consecutive_filter_failures": 0,
            "extract_text": [],
            "extract_title_as_title": false,
            "fetch_backend": "system",
            "processor": "text_json_diff",
            "filter_failure_notification_send": 1,
            "filter_text_added": true,
            "filter_text_replaced": true,
            "filter_text_removed": true,
            "has_ldjson_price_data": false,
            "track_ldjson_price_data": null,
            "headers": {},
            "ignore_text": [],
            "in_stock_only": true,
            "include_filters": [],
            "last_checked": 1682873804,
            "last_error": false,
            "last_viewed": 1682873974,
            "method": "GET",
            "notification_body": null,
            "notification_format": "System default",
            "notification_muted": false,
            "notification_title": null,
            "notification_screenshot": false,
            "notification_urls": [],
            "paused": false,
            "previous_md5": "a2cfa18593378e371e2ee1fcc9713443",
            "previous_md5_before_filters": "cfdab0bd79da3e021a59dc3c98500c26",
            "proxy": null,
            "subtractive_selectors": [],
            "tag": "",
            "text_should_not_be_present": [],
            "time_between_check": {
                "weeks": null,
                "days": null,
                "hours": null,
                "minutes": null,
                "seconds": null
            },
            "title": null,
            "trigger_text": [],
            "url": "https://g1.globo.com/",
            "uuid": "947ab113-5507-450c-9d91-800d58469fec",
            "webdriver_delay": null,
            "webdriver_js_execute_code": null,
            "last_notification_error": false,
            "content_type": "text/html; charset=UTF-8",
            "last_check_status": 200,
            "fetch_time": 0.618
        }
    },
    "settings": {
        "headers": {},
        "requests": {
            "extra_proxies": [],
            "jitter_seconds": 0,
            "proxy": null,
            "time_between_check": {
                "weeks": null,
                "days": null,
                "hours": 3,
                "minutes": null,
                "seconds": null
            },
            "timeout": 45,
            "workers": 10
        },
        "application": {
            "api_access_token_enabled": true,
            "password": false,
            "base_url": "",
            "extract_title_as_title": false,
            "empty_pages_are_a_change": false,
            "fetch_backend": "html_requests",
            "filter_failure_notification_threshold_attempts": 6,
            "global_ignore_text": [],
            "global_subtractive_selectors": [],
            "ignore_whitespace": true,
            "render_anchor_tag_content": false,
            "notification_urls": [],
            "notification_title": "JusUpdate - {{watch_url}} foi atualizado",
            "notification_body": "{{watch_url}} houve atualiza\u00e7\u00e3o.\n---\n{{diff}}\n---\n",
            "notification_format": "Text",
            "schema_version": 10,
            "shared_diff_access": false,
            "webdriver_delay": null,
            "rss_access_token": "ff3cbbb2ddb82b73042611a4c83449ed",
            "api_access_token": "16080cceba0569579752c40c15bca8d5"
        }
    },
    "app_guid": "aca9530a-e7b2-4fb6-aa83-7beb480550d9",
    "version_tag": "0.41.1"
}